,class,explaination
0,"('n04254120', 'soap_dispenser', 0.9078777)","[[[0. 0. 0.]
  [0. 0. 0.]
  [0. 0. 0.]
  ...
  [0. 0. 0.]
  [0. 0. 0.]
  [0. 0. 0.]]

 [[0. 0. 0.]
  [0. 0. 0.]
  [0. 0. 0.]
  ...
  [0. 0. 0.]
  [0. 0. 0.]
  [0. 0. 0.]]

 [[0. 0. 0.]
  [0. 0. 0.]
  [0. 0. 0.]
  ...
  [0. 0. 0.]
  [0. 0. 0.]
  [0. 0. 0.]]

 ...

 [[0. 0. 0.]
  [0. 0. 0.]
  [0. 0. 0.]
  ...
  [0. 0. 0.]
  [0. 0. 0.]
  [0. 0. 0.]]

 [[0. 0. 0.]
  [0. 0. 0.]
  [0. 0. 0.]
  ...
  [0. 0. 0.]
  [0. 0. 0.]
  [0. 0. 0.]]

 [[0. 0. 0.]
  [0. 0. 0.]
  [0. 0. 0.]
  ...
  [0. 0. 0.]
  [0. 0. 0.]
  [0. 0. 0.]]]"
1,"('n02963159', 'cardigan', 0.15878786)","[[[0. 0. 0.]
  [0. 0. 0.]
  [0. 0. 0.]
  ...
  [0. 0. 0.]
  [0. 0. 0.]
  [0. 0. 0.]]

 [[0. 0. 0.]
  [0. 0. 0.]
  [0. 0. 0.]
  ...
  [0. 0. 0.]
  [0. 0. 0.]
  [0. 0. 0.]]

 [[0. 0. 0.]
  [0. 0. 0.]
  [0. 0. 0.]
  ...
  [0. 0. 0.]
  [0. 0. 0.]
  [0. 0. 0.]]

 ...

 [[0. 0. 0.]
  [0. 0. 0.]
  [0. 0. 0.]
  ...
  [0. 0. 0.]
  [0. 0. 0.]
  [0. 0. 0.]]

 [[0. 0. 0.]
  [0. 0. 0.]
  [0. 0. 0.]
  ...
  [0. 0. 0.]
  [0. 0. 0.]
  [0. 0. 0.]]

 [[0. 0. 0.]
  [0. 0. 0.]
  [0. 0. 0.]
  ...
  [0. 0. 0.]
  [0. 0. 0.]
  [0. 0. 0.]]]"
2,"('n03461385', 'grocery_store', 0.6405945)","[[[0. 0. 0.]
  [0. 0. 0.]
  [0. 0. 0.]
  ...
  [0. 0. 0.]
  [0. 0. 0.]
  [0. 0. 0.]]

 [[0. 0. 0.]
  [0. 0. 0.]
  [0. 0. 0.]
  ...
  [0. 0. 0.]
  [0. 0. 0.]
  [0. 0. 0.]]

 [[0. 0. 0.]
  [0. 0. 0.]
  [0. 0. 0.]
  ...
  [0. 0. 0.]
  [0. 0. 0.]
  [0. 0. 0.]]

 ...

 [[0. 0. 0.]
  [0. 0. 0.]
  [0. 0. 0.]
  ...
  [0. 0. 0.]
  [0. 0. 0.]
  [0. 0. 0.]]

 [[0. 0. 0.]
  [0. 0. 0.]
  [0. 0. 0.]
  ...
  [0. 0. 0.]
  [0. 0. 0.]
  [0. 0. 0.]]

 [[0. 0. 0.]
  [0. 0. 0.]
  [0. 0. 0.]
  ...
  [0. 0. 0.]
  [0. 0. 0.]
  [0. 0. 0.]]]"
3,"('n04376876', 'syringe', 0.99828607)","[[[0. 0. 0.]
  [0. 0. 0.]
  [0. 0. 0.]
  ...
  [0. 0. 0.]
  [0. 0. 0.]
  [0. 0. 0.]]

 [[0. 0. 0.]
  [0. 0. 0.]
  [0. 0. 0.]
  ...
  [0. 0. 0.]
  [0. 0. 0.]
  [0. 0. 0.]]

 [[0. 0. 0.]
  [0. 0. 0.]
  [0. 0. 0.]
  ...
  [0. 0. 0.]
  [0. 0. 0.]
  [0. 0. 0.]]

 ...

 [[0. 0. 0.]
  [0. 0. 0.]
  [0. 0. 0.]
  ...
  [0. 0. 0.]
  [0. 0. 0.]
  [0. 0. 0.]]

 [[0. 0. 0.]
  [0. 0. 0.]
  [0. 0. 0.]
  ...
  [0. 0. 0.]
  [0. 0. 0.]
  [0. 0. 0.]]

 [[0. 0. 0.]
  [0. 0. 0.]
  [0. 0. 0.]
  ...
  [0. 0. 0.]
  [0. 0. 0.]
  [0. 0. 0.]]]"
4,"('n04254120', 'soap_dispenser', 0.87497383)","[[[0. 0. 0.]
  [0. 0. 0.]
  [0. 0. 0.]
  ...
  [0. 0. 0.]
  [0. 0. 0.]
  [0. 0. 0.]]

 [[0. 0. 0.]
  [0. 0. 0.]
  [0. 0. 0.]
  ...
  [0. 0. 0.]
  [0. 0. 0.]
  [0. 0. 0.]]

 [[0. 0. 0.]
  [0. 0. 0.]
  [0. 0. 0.]
  ...
  [0. 0. 0.]
  [0. 0. 0.]
  [0. 0. 0.]]

 ...

 [[0. 0. 0.]
  [0. 0. 0.]
  [0. 0. 0.]
  ...
  [0. 0. 0.]
  [0. 0. 0.]
  [0. 0. 0.]]

 [[0. 0. 0.]
  [0. 0. 0.]
  [0. 0. 0.]
  ...
  [0. 0. 0.]
  [0. 0. 0.]
  [0. 0. 0.]]

 [[0. 0. 0.]
  [0. 0. 0.]
  [0. 0. 0.]
  ...
  [0. 0. 0.]
  [0. 0. 0.]
  [0. 0. 0.]]]"
5,"('n04317175', 'stethoscope', 0.99897647)","[[[0.         0.         0.        ]
  [0.         0.         0.        ]
  [0.         0.         0.        ]
  ...
  [0.         0.         0.        ]
  [0.         0.         0.        ]
  [0.         0.         0.        ]]

 [[0.         0.         0.        ]
  [0.         0.         0.        ]
  [0.         0.         0.        ]
  ...
  [0.         0.         0.        ]
  [0.         0.         0.        ]
  [0.         0.         0.        ]]

 [[0.         0.         0.        ]
  [0.         0.         0.        ]
  [0.         0.         0.        ]
  ...
  [0.         0.         0.        ]
  [0.         0.         0.        ]
  [0.         0.         0.        ]]

 ...

 [[0.83921569 0.83137255 0.83529412]
  [0.83921569 0.83137255 0.83529412]
  [0.83921569 0.83137255 0.83529412]
  ...
  [0.         0.         0.        ]
  [0.         0.         0.        ]
  [0.         0.         0.        ]]

 [[0.83921569 0.83137255 0.83529412]
  [0.83921569 0.83137255 0.83529412]
  [0.83921569 0.83137255 0.83529412]
  ...
  [0.         0.         0.        ]
  [0.         0.         0.        ]
  [0.         0.         0.        ]]

 [[0.83921569 0.83137255 0.83137255]
  [0.83921569 0.83137255 0.83137255]
  [0.83921569 0.83137255 0.83137255]
  ...
  [0.         0.         0.        ]
  [0.         0.         0.        ]
  [0.         0.         0.        ]]]"
6,"('n02783161', 'ballpoint', 0.6354912)","[[[0. 0. 0.]
  [0. 0. 0.]
  [0. 0. 0.]
  ...
  [0. 0. 0.]
  [0. 0. 0.]
  [0. 0. 0.]]

 [[0. 0. 0.]
  [0. 0. 0.]
  [0. 0. 0.]
  ...
  [0. 0. 0.]
  [0. 0. 0.]
  [0. 0. 0.]]

 [[0. 0. 0.]
  [0. 0. 0.]
  [0. 0. 0.]
  ...
  [0. 0. 0.]
  [0. 0. 0.]
  [0. 0. 0.]]

 ...

 [[0. 0. 0.]
  [0. 0. 0.]
  [0. 0. 0.]
  ...
  [0. 0. 0.]
  [0. 0. 0.]
  [0. 0. 0.]]

 [[0. 0. 0.]
  [0. 0. 0.]
  [0. 0. 0.]
  ...
  [0. 0. 0.]
  [0. 0. 0.]
  [0. 0. 0.]]

 [[0. 0. 0.]
  [0. 0. 0.]
  [0. 0. 0.]
  ...
  [0. 0. 0.]
  [0. 0. 0.]
  [0. 0. 0.]]]"
7,"('n03424325', 'gasmask', 0.4400812)","[[[0. 0. 0.]
  [0. 0. 0.]
  [0. 0. 0.]
  ...
  [0. 0. 0.]
  [0. 0. 0.]
  [0. 0. 0.]]

 [[0. 0. 0.]
  [0. 0. 0.]
  [0. 0. 0.]
  ...
  [0. 0. 0.]
  [0. 0. 0.]
  [0. 0. 0.]]

 [[0. 0. 0.]
  [0. 0. 0.]
  [0. 0. 0.]
  ...
  [0. 0. 0.]
  [0. 0. 0.]
  [0. 0. 0.]]

 ...

 [[0. 0. 0.]
  [0. 0. 0.]
  [0. 0. 0.]
  ...
  [0. 0. 0.]
  [0. 0. 0.]
  [0. 0. 0.]]

 [[0. 0. 0.]
  [0. 0. 0.]
  [0. 0. 0.]
  ...
  [0. 0. 0.]
  [0. 0. 0.]
  [0. 0. 0.]]

 [[0. 0. 0.]
  [0. 0. 0.]
  [0. 0. 0.]
  ...
  [0. 0. 0.]
  [0. 0. 0.]
  [0. 0. 0.]]]"
8,"('n03089624', 'confectionery', 0.52786785)","[[[0. 0. 0.]
  [0. 0. 0.]
  [0. 0. 0.]
  ...
  [0. 0. 0.]
  [0. 0. 0.]
  [0. 0. 0.]]

 [[0. 0. 0.]
  [0. 0. 0.]
  [0. 0. 0.]
  ...
  [0. 0. 0.]
  [0. 0. 0.]
  [0. 0. 0.]]

 [[0. 0. 0.]
  [0. 0. 0.]
  [0. 0. 0.]
  ...
  [0. 0. 0.]
  [0. 0. 0.]
  [0. 0. 0.]]

 ...

 [[0. 0. 0.]
  [0. 0. 0.]
  [0. 0. 0.]
  ...
  [0. 0. 0.]
  [0. 0. 0.]
  [0. 0. 0.]]

 [[0. 0. 0.]
  [0. 0. 0.]
  [0. 0. 0.]
  ...
  [0. 0. 0.]
  [0. 0. 0.]
  [0. 0. 0.]]

 [[0. 0. 0.]
  [0. 0. 0.]
  [0. 0. 0.]
  ...
  [0. 0. 0.]
  [0. 0. 0.]
  [0. 0. 0.]]]"
9,"('n03461385', 'grocery_store', 0.9483666)","[[[0. 0. 0.]
  [0. 0. 0.]
  [0. 0. 0.]
  ...
  [0. 0. 0.]
  [0. 0. 0.]
  [0. 0. 0.]]

 [[0. 0. 0.]
  [0. 0. 0.]
  [0. 0. 0.]
  ...
  [0. 0. 0.]
  [0. 0. 0.]
  [0. 0. 0.]]

 [[0. 0. 0.]
  [0. 0. 0.]
  [0. 0. 0.]
  ...
  [0. 0. 0.]
  [0. 0. 0.]
  [0. 0. 0.]]

 ...

 [[0. 0. 0.]
  [0. 0. 0.]
  [0. 0. 0.]
  ...
  [0. 0. 0.]
  [0. 0. 0.]
  [0. 0. 0.]]

 [[0. 0. 0.]
  [0. 0. 0.]
  [0. 0. 0.]
  ...
  [0. 0. 0.]
  [0. 0. 0.]
  [0. 0. 0.]]

 [[0. 0. 0.]
  [0. 0. 0.]
  [0. 0. 0.]
  ...
  [0. 0. 0.]
  [0. 0. 0.]
  [0. 0. 0.]]]"
10,"('n15075141', 'toilet_tissue', 0.9747001)","[[[0.01960784 0.01960784 0.01960784]
  [0.01960784 0.01960784 0.01960784]
  [0.01960784 0.01960784 0.01960784]
  ...
  [0.         0.         0.        ]
  [0.         0.         0.        ]
  [0.         0.         0.        ]]

 [[0.01960784 0.01960784 0.01960784]
  [0.01960784 0.01960784 0.01960784]
  [0.01960784 0.01960784 0.01960784]
  ...
  [0.         0.         0.        ]
  [0.         0.         0.        ]
  [0.         0.         0.        ]]

 [[0.01960784 0.01960784 0.01960784]
  [0.01960784 0.01960784 0.01960784]
  [0.01960784 0.01960784 0.01960784]
  ...
  [0.         0.         0.        ]
  [0.         0.         0.        ]
  [0.         0.         0.        ]]

 ...

 [[0.         0.         0.        ]
  [0.         0.         0.        ]
  [0.         0.         0.        ]
  ...
  [0.         0.         0.        ]
  [0.         0.         0.        ]
  [0.         0.         0.        ]]

 [[0.         0.         0.        ]
  [0.         0.         0.        ]
  [0.         0.         0.        ]
  ...
  [0.         0.         0.        ]
  [0.         0.         0.        ]
  [0.         0.         0.        ]]

 [[0.         0.         0.        ]
  [0.         0.         0.        ]
  [0.         0.         0.        ]
  ...
  [0.         0.         0.        ]
  [0.         0.         0.        ]
  [0.         0.         0.        ]]]"
11,"('n03630383', 'lab_coat', 0.36173233)","[[[0. 0. 0.]
  [0. 0. 0.]
  [0. 0. 0.]
  ...
  [0. 0. 0.]
  [0. 0. 0.]
  [0. 0. 0.]]

 [[0. 0. 0.]
  [0. 0. 0.]
  [0. 0. 0.]
  ...
  [0. 0. 0.]
  [0. 0. 0.]
  [0. 0. 0.]]

 [[0. 0. 0.]
  [0. 0. 0.]
  [0. 0. 0.]
  ...
  [0. 0. 0.]
  [0. 0. 0.]
  [0. 0. 0.]]

 ...

 [[0. 0. 0.]
  [0. 0. 0.]
  [0. 0. 0.]
  ...
  [0. 0. 0.]
  [0. 0. 0.]
  [0. 0. 0.]]

 [[0. 0. 0.]
  [0. 0. 0.]
  [0. 0. 0.]
  ...
  [0. 0. 0.]
  [0. 0. 0.]
  [0. 0. 0.]]

 [[0. 0. 0.]
  [0. 0. 0.]
  [0. 0. 0.]
  ...
  [0. 0. 0.]
  [0. 0. 0.]
  [0. 0. 0.]]]"
12,"('n03916031', 'perfume', 0.37039167)","[[[0.         0.         0.        ]
  [0.         0.         0.        ]
  [0.         0.         0.        ]
  ...
  [0.40929184 0.40537027 0.38576243]
  [0.39974615 0.39582458 0.37872899]
  [0.35519958 0.35127801 0.33559174]]

 [[0.         0.         0.        ]
  [0.         0.         0.        ]
  [0.         0.         0.        ]
  ...
  [0.45054272 0.44662115 0.42701331]
  [0.43787202 0.43395046 0.41685487]
  [0.39245448 0.38853291 0.37284664]]

 [[0.         0.         0.        ]
  [0.         0.         0.        ]
  [0.         0.         0.        ]
  ...
  [0.47771359 0.47379202 0.45418417]
  [0.46306022 0.45913866 0.44204307]
  [0.42102591 0.41710434 0.40141807]]

 ...

 [[0.         0.         0.        ]
  [0.         0.         0.        ]
  [0.         0.         0.        ]
  ...
  [0.         0.         0.        ]
  [0.         0.         0.        ]
  [0.         0.         0.        ]]

 [[0.         0.         0.        ]
  [0.         0.         0.        ]
  [0.         0.         0.        ]
  ...
  [0.         0.         0.        ]
  [0.         0.         0.        ]
  [0.         0.         0.        ]]

 [[0.         0.         0.        ]
  [0.         0.         0.        ]
  [0.         0.         0.        ]
  ...
  [0.         0.         0.        ]
  [0.         0.         0.        ]
  [0.         0.         0.        ]]]"
13,"('n02787622', 'banjo', 0.28704825)","[[[0. 0. 0.]
  [0. 0. 0.]
  [0. 0. 0.]
  ...
  [0. 0. 0.]
  [0. 0. 0.]
  [0. 0. 0.]]

 [[0. 0. 0.]
  [0. 0. 0.]
  [0. 0. 0.]
  ...
  [0. 0. 0.]
  [0. 0. 0.]
  [0. 0. 0.]]

 [[0. 0. 0.]
  [0. 0. 0.]
  [0. 0. 0.]
  ...
  [0. 0. 0.]
  [0. 0. 0.]
  [0. 0. 0.]]

 ...

 [[0. 0. 0.]
  [0. 0. 0.]
  [0. 0. 0.]
  ...
  [0. 0. 0.]
  [0. 0. 0.]
  [0. 0. 0.]]

 [[0. 0. 0.]
  [0. 0. 0.]
  [0. 0. 0.]
  ...
  [0. 0. 0.]
  [0. 0. 0.]
  [0. 0. 0.]]

 [[0. 0. 0.]
  [0. 0. 0.]
  [0. 0. 0.]
  ...
  [0. 0. 0.]
  [0. 0. 0.]
  [0. 0. 0.]]]"
14,"('n04552348', 'warplane', 0.9926475)","[[[0. 0. 0.]
  [0. 0. 0.]
  [0. 0. 0.]
  ...
  [0. 0. 0.]
  [0. 0. 0.]
  [0. 0. 0.]]

 [[0. 0. 0.]
  [0. 0. 0.]
  [0. 0. 0.]
  ...
  [0. 0. 0.]
  [0. 0. 0.]
  [0. 0. 0.]]

 [[0. 0. 0.]
  [0. 0. 0.]
  [0. 0. 0.]
  ...
  [0. 0. 0.]
  [0. 0. 0.]
  [0. 0. 0.]]

 ...

 [[0. 0. 0.]
  [0. 0. 0.]
  [0. 0. 0.]
  ...
  [0. 0. 0.]
  [0. 0. 0.]
  [0. 0. 0.]]

 [[0. 0. 0.]
  [0. 0. 0.]
  [0. 0. 0.]
  ...
  [0. 0. 0.]
  [0. 0. 0.]
  [0. 0. 0.]]

 [[0. 0. 0.]
  [0. 0. 0.]
  [0. 0. 0.]
  ...
  [0. 0. 0.]
  [0. 0. 0.]
  [0. 0. 0.]]]"
15,"('n04044716', 'radio_telescope', 0.6528915)","[[[0. 0. 0.]
  [0. 0. 0.]
  [0. 0. 0.]
  ...
  [0. 0. 0.]
  [0. 0. 0.]
  [0. 0. 0.]]

 [[0. 0. 0.]
  [0. 0. 0.]
  [0. 0. 0.]
  ...
  [0. 0. 0.]
  [0. 0. 0.]
  [0. 0. 0.]]

 [[0. 0. 0.]
  [0. 0. 0.]
  [0. 0. 0.]
  ...
  [0. 0. 0.]
  [0. 0. 0.]
  [0. 0. 0.]]

 ...

 [[0. 0. 0.]
  [0. 0. 0.]
  [0. 0. 0.]
  ...
  [0. 0. 0.]
  [0. 0. 0.]
  [0. 0. 0.]]

 [[0. 0. 0.]
  [0. 0. 0.]
  [0. 0. 0.]
  ...
  [0. 0. 0.]
  [0. 0. 0.]
  [0. 0. 0.]]

 [[0. 0. 0.]
  [0. 0. 0.]
  [0. 0. 0.]
  ...
  [0. 0. 0.]
  [0. 0. 0.]
  [0. 0. 0.]]]"
16,"('n04204347', 'shopping_cart', 0.9595147)","[[[0.         0.         0.        ]
  [0.         0.         0.        ]
  [0.         0.         0.        ]
  ...
  [0.         0.         0.        ]
  [0.         0.         0.        ]
  [0.         0.         0.        ]]

 [[0.         0.         0.        ]
  [0.         0.         0.        ]
  [0.         0.         0.        ]
  ...
  [0.         0.         0.        ]
  [0.         0.         0.        ]
  [0.         0.         0.        ]]

 [[0.         0.         0.        ]
  [0.         0.         0.        ]
  [0.         0.         0.        ]
  ...
  [0.         0.         0.        ]
  [0.         0.         0.        ]
  [0.         0.         0.        ]]

 ...

 [[0.         0.         0.        ]
  [0.         0.         0.        ]
  [0.         0.         0.        ]
  ...
  [0.02352941 0.01960784 0.01960784]
  [0.01960784 0.01960784 0.01960784]
  [0.01960784 0.01960784 0.01960784]]

 [[0.         0.         0.        ]
  [0.         0.         0.        ]
  [0.         0.         0.        ]
  ...
  [0.02352941 0.01568627 0.01960784]
  [0.02352941 0.01568627 0.01960784]
  [0.01960784 0.01652661 0.01960784]]

 [[0.         0.         0.        ]
  [0.         0.         0.        ]
  [0.         0.         0.        ]
  ...
  [0.02352941 0.01568627 0.01960784]
  [0.02352941 0.01568627 0.01960784]
  [0.02352941 0.01568627 0.01960784]]]"
17,"('n15075141', 'toilet_tissue', 0.9983334)","[[[0. 0. 0.]
  [0. 0. 0.]
  [0. 0. 0.]
  ...
  [0. 0. 0.]
  [0. 0. 0.]
  [0. 0. 0.]]

 [[0. 0. 0.]
  [0. 0. 0.]
  [0. 0. 0.]
  ...
  [0. 0. 0.]
  [0. 0. 0.]
  [0. 0. 0.]]

 [[0. 0. 0.]
  [0. 0. 0.]
  [0. 0. 0.]
  ...
  [0. 0. 0.]
  [0. 0. 0.]
  [0. 0. 0.]]

 ...

 [[0. 0. 0.]
  [0. 0. 0.]
  [0. 0. 0.]
  ...
  [0. 0. 0.]
  [0. 0. 0.]
  [0. 0. 0.]]

 [[0. 0. 0.]
  [0. 0. 0.]
  [0. 0. 0.]
  ...
  [0. 0. 0.]
  [0. 0. 0.]
  [0. 0. 0.]]

 [[0. 0. 0.]
  [0. 0. 0.]
  [0. 0. 0.]
  ...
  [0. 0. 0.]
  [0. 0. 0.]
  [0. 0. 0.]]]"
18,"('n04254120', 'soap_dispenser', 0.99048865)","[[[0. 0. 0.]
  [0. 0. 0.]
  [0. 0. 0.]
  ...
  [0. 0. 0.]
  [0. 0. 0.]
  [0. 0. 0.]]

 [[0. 0. 0.]
  [0. 0. 0.]
  [0. 0. 0.]
  ...
  [0. 0. 0.]
  [0. 0. 0.]
  [0. 0. 0.]]

 [[0. 0. 0.]
  [0. 0. 0.]
  [0. 0. 0.]
  ...
  [0. 0. 0.]
  [0. 0. 0.]
  [0. 0. 0.]]

 ...

 [[0. 0. 0.]
  [0. 0. 0.]
  [0. 0. 0.]
  ...
  [0. 0. 0.]
  [0. 0. 0.]
  [0. 0. 0.]]

 [[0. 0. 0.]
  [0. 0. 0.]
  [0. 0. 0.]
  ...
  [0. 0. 0.]
  [0. 0. 0.]
  [0. 0. 0.]]

 [[0. 0. 0.]
  [0. 0. 0.]
  [0. 0. 0.]
  ...
  [0. 0. 0.]
  [0. 0. 0.]
  [0. 0. 0.]]]"
19,"('n03666591', 'lighter', 0.9437265)","[[[0. 0. 0.]
  [0. 0. 0.]
  [0. 0. 0.]
  ...
  [0. 0. 0.]
  [0. 0. 0.]
  [0. 0. 0.]]

 [[0. 0. 0.]
  [0. 0. 0.]
  [0. 0. 0.]
  ...
  [0. 0. 0.]
  [0. 0. 0.]
  [0. 0. 0.]]

 [[0. 0. 0.]
  [0. 0. 0.]
  [0. 0. 0.]
  ...
  [0. 0. 0.]
  [0. 0. 0.]
  [0. 0. 0.]]

 ...

 [[0. 0. 0.]
  [0. 0. 0.]
  [0. 0. 0.]
  ...
  [0. 0. 0.]
  [0. 0. 0.]
  [0. 0. 0.]]

 [[0. 0. 0.]
  [0. 0. 0.]
  [0. 0. 0.]
  ...
  [0. 0. 0.]
  [0. 0. 0.]
  [0. 0. 0.]]

 [[0. 0. 0.]
  [0. 0. 0.]
  [0. 0. 0.]
  ...
  [0. 0. 0.]
  [0. 0. 0.]
  [0. 0. 0.]]]"
20,"('n02786058', 'Band_Aid', 0.7823311)","[[[0. 0. 0.]
  [0. 0. 0.]
  [0. 0. 0.]
  ...
  [0. 0. 0.]
  [0. 0. 0.]
  [0. 0. 0.]]

 [[0. 0. 0.]
  [0. 0. 0.]
  [0. 0. 0.]
  ...
  [0. 0. 0.]
  [0. 0. 0.]
  [0. 0. 0.]]

 [[0. 0. 0.]
  [0. 0. 0.]
  [0. 0. 0.]
  ...
  [0. 0. 0.]
  [0. 0. 0.]
  [0. 0. 0.]]

 ...

 [[0. 0. 0.]
  [0. 0. 0.]
  [0. 0. 0.]
  ...
  [0. 0. 0.]
  [0. 0. 0.]
  [0. 0. 0.]]

 [[0. 0. 0.]
  [0. 0. 0.]
  [0. 0. 0.]
  ...
  [0. 0. 0.]
  [0. 0. 0.]
  [0. 0. 0.]]

 [[0. 0. 0.]
  [0. 0. 0.]
  [0. 0. 0.]
  ...
  [0. 0. 0.]
  [0. 0. 0.]
  [0. 0. 0.]]]"
21,"('n04317175', 'stethoscope', 0.9941881)","[[[0. 0. 0.]
  [0. 0. 0.]
  [0. 0. 0.]
  ...
  [0. 0. 0.]
  [0. 0. 0.]
  [0. 0. 0.]]

 [[0. 0. 0.]
  [0. 0. 0.]
  [0. 0. 0.]
  ...
  [0. 0. 0.]
  [0. 0. 0.]
  [0. 0. 0.]]

 [[0. 0. 0.]
  [0. 0. 0.]
  [0. 0. 0.]
  ...
  [0. 0. 0.]
  [0. 0. 0.]
  [0. 0. 0.]]

 ...

 [[0. 0. 0.]
  [0. 0. 0.]
  [0. 0. 0.]
  ...
  [0. 0. 0.]
  [0. 0. 0.]
  [0. 0. 0.]]

 [[0. 0. 0.]
  [0. 0. 0.]
  [0. 0. 0.]
  ...
  [0. 0. 0.]
  [0. 0. 0.]
  [0. 0. 0.]]

 [[0. 0. 0.]
  [0. 0. 0.]
  [0. 0. 0.]
  ...
  [0. 0. 0.]
  [0. 0. 0.]
  [0. 0. 0.]]]"
22,"('n04204347', 'shopping_cart', 0.8165443)","[[[0. 0. 0.]
  [0. 0. 0.]
  [0. 0. 0.]
  ...
  [0. 0. 0.]
  [0. 0. 0.]
  [0. 0. 0.]]

 [[0. 0. 0.]
  [0. 0. 0.]
  [0. 0. 0.]
  ...
  [0. 0. 0.]
  [0. 0. 0.]
  [0. 0. 0.]]

 [[0. 0. 0.]
  [0. 0. 0.]
  [0. 0. 0.]
  ...
  [0. 0. 0.]
  [0. 0. 0.]
  [0. 0. 0.]]

 ...

 [[0. 0. 0.]
  [0. 0. 0.]
  [0. 0. 0.]
  ...
  [0. 0. 0.]
  [0. 0. 0.]
  [0. 0. 0.]]

 [[0. 0. 0.]
  [0. 0. 0.]
  [0. 0. 0.]
  ...
  [0. 0. 0.]
  [0. 0. 0.]
  [0. 0. 0.]]

 [[0. 0. 0.]
  [0. 0. 0.]
  [0. 0. 0.]
  ...
  [0. 0. 0.]
  [0. 0. 0.]
  [0. 0. 0.]]]"
23,"('n03461385', 'grocery_store', 0.458114)","[[[0. 0. 0.]
  [0. 0. 0.]
  [0. 0. 0.]
  ...
  [0. 0. 0.]
  [0. 0. 0.]
  [0. 0. 0.]]

 [[0. 0. 0.]
  [0. 0. 0.]
  [0. 0. 0.]
  ...
  [0. 0. 0.]
  [0. 0. 0.]
  [0. 0. 0.]]

 [[0. 0. 0.]
  [0. 0. 0.]
  [0. 0. 0.]
  ...
  [0. 0. 0.]
  [0. 0. 0.]
  [0. 0. 0.]]

 ...

 [[0. 0. 0.]
  [0. 0. 0.]
  [0. 0. 0.]
  ...
  [0. 0. 0.]
  [0. 0. 0.]
  [0. 0. 0.]]

 [[0. 0. 0.]
  [0. 0. 0.]
  [0. 0. 0.]
  ...
  [0. 0. 0.]
  [0. 0. 0.]
  [0. 0. 0.]]

 [[0. 0. 0.]
  [0. 0. 0.]
  [0. 0. 0.]
  ...
  [0. 0. 0.]
  [0. 0. 0.]
  [0. 0. 0.]]]"
24,"('n03355925', 'flagpole', 0.35247886)","[[[0.         0.         0.        ]
  [0.         0.         0.        ]
  [0.         0.         0.        ]
  ...
  [0.         0.         0.        ]
  [0.         0.         0.        ]
  [0.         0.         0.        ]]

 [[0.         0.         0.        ]
  [0.         0.         0.        ]
  [0.         0.         0.        ]
  ...
  [0.         0.         0.        ]
  [0.         0.         0.        ]
  [0.         0.         0.        ]]

 [[0.         0.         0.        ]
  [0.         0.         0.        ]
  [0.         0.         0.        ]
  ...
  [0.         0.         0.        ]
  [0.         0.         0.        ]
  [0.         0.         0.        ]]

 ...

 [[0.06666667 0.28627451 0.40784314]
  [0.07058824 0.28627451 0.40784314]
  [0.0745098  0.28235294 0.40392157]
  ...
  [0.         0.         0.        ]
  [0.         0.         0.        ]
  [0.         0.         0.        ]]

 [[0.07058824 0.28235294 0.40462185]
  [0.07843137 0.28692477 0.41241497]
  [0.11988796 0.3184974  0.44467787]
  ...
  [0.         0.         0.        ]
  [0.         0.         0.        ]
  [0.         0.         0.        ]]

 [[0.13109244 0.33978591 0.47226891]
  [0.14033613 0.34442777 0.48151261]
  [0.2047619  0.39929972 0.51694678]
  ...
  [0.         0.         0.        ]
  [0.         0.         0.        ]
  [0.         0.         0.        ]]]"
25,"('n15075141', 'toilet_tissue', 0.9995307)","[[[0.         0.         0.        ]
  [0.         0.         0.        ]
  [0.         0.         0.        ]
  ...
  [0.         0.         0.        ]
  [0.         0.         0.        ]
  [0.         0.         0.        ]]

 [[0.         0.         0.        ]
  [0.         0.         0.        ]
  [0.         0.         0.        ]
  ...
  [0.         0.         0.        ]
  [0.         0.         0.        ]
  [0.         0.         0.        ]]

 [[0.         0.         0.        ]
  [0.         0.         0.        ]
  [0.         0.         0.        ]
  ...
  [0.         0.         0.        ]
  [0.         0.         0.        ]
  [0.         0.         0.        ]]

 ...

 [[0.         0.         0.        ]
  [0.         0.         0.        ]
  [0.         0.         0.        ]
  ...
  [0.34117647 0.31372549 0.30196078]
  [0.34117647 0.31360544 0.29803922]
  [0.34117647 0.30980392 0.29803922]]

 [[0.         0.         0.        ]
  [0.         0.         0.        ]
  [0.         0.         0.        ]
  ...
  [0.34117647 0.31764706 0.30196078]
  [0.34117647 0.31372549 0.30196078]
  [0.3372549  0.30980392 0.30196078]]

 [[0.         0.         0.        ]
  [0.         0.         0.        ]
  [0.         0.         0.        ]
  ...
  [0.33333333 0.31036415 0.29803922]
  [0.3372549  0.31372549 0.29803922]
  [0.33333333 0.30980392 0.29803922]]]"
26,"('n04376876', 'syringe', 0.99774027)","[[[0. 0. 0.]
  [0. 0. 0.]
  [0. 0. 0.]
  ...
  [0. 0. 0.]
  [0. 0. 0.]
  [0. 0. 0.]]

 [[0. 0. 0.]
  [0. 0. 0.]
  [0. 0. 0.]
  ...
  [0. 0. 0.]
  [0. 0. 0.]
  [0. 0. 0.]]

 [[0. 0. 0.]
  [0. 0. 0.]
  [0. 0. 0.]
  ...
  [0. 0. 0.]
  [0. 0. 0.]
  [0. 0. 0.]]

 ...

 [[0. 0. 0.]
  [0. 0. 0.]
  [0. 0. 0.]
  ...
  [0. 0. 0.]
  [0. 0. 0.]
  [0. 0. 0.]]

 [[0. 0. 0.]
  [0. 0. 0.]
  [0. 0. 0.]
  ...
  [0. 0. 0.]
  [0. 0. 0.]
  [0. 0. 0.]]

 [[0. 0. 0.]
  [0. 0. 0.]
  [0. 0. 0.]
  ...
  [0. 0. 0.]
  [0. 0. 0.]
  [0. 0. 0.]]]"
27,"('n04310018', 'steam_locomotive', 0.50102293)","[[[0. 0. 0.]
  [0. 0. 0.]
  [0. 0. 0.]
  ...
  [0. 0. 0.]
  [0. 0. 0.]
  [0. 0. 0.]]

 [[0. 0. 0.]
  [0. 0. 0.]
  [0. 0. 0.]
  ...
  [0. 0. 0.]
  [0. 0. 0.]
  [0. 0. 0.]]

 [[0. 0. 0.]
  [0. 0. 0.]
  [0. 0. 0.]
  ...
  [0. 0. 0.]
  [0. 0. 0.]
  [0. 0. 0.]]

 ...

 [[0. 0. 0.]
  [0. 0. 0.]
  [0. 0. 0.]
  ...
  [0. 0. 0.]
  [0. 0. 0.]
  [0. 0. 0.]]

 [[0. 0. 0.]
  [0. 0. 0.]
  [0. 0. 0.]
  ...
  [0. 0. 0.]
  [0. 0. 0.]
  [0. 0. 0.]]

 [[0. 0. 0.]
  [0. 0. 0.]
  [0. 0. 0.]
  ...
  [0. 0. 0.]
  [0. 0. 0.]
  [0. 0. 0.]]]"
28,"('n04086273', 'revolver', 0.83755416)","[[[0. 0. 0.]
  [0. 0. 0.]
  [0. 0. 0.]
  ...
  [0. 0. 0.]
  [0. 0. 0.]
  [0. 0. 0.]]

 [[0. 0. 0.]
  [0. 0. 0.]
  [0. 0. 0.]
  ...
  [0. 0. 0.]
  [0. 0. 0.]
  [0. 0. 0.]]

 [[0. 0. 0.]
  [0. 0. 0.]
  [0. 0. 0.]
  ...
  [0. 0. 0.]
  [0. 0. 0.]
  [0. 0. 0.]]

 ...

 [[0. 0. 0.]
  [0. 0. 0.]
  [0. 0. 0.]
  ...
  [0. 0. 0.]
  [0. 0. 0.]
  [0. 0. 0.]]

 [[0. 0. 0.]
  [0. 0. 0.]
  [0. 0. 0.]
  ...
  [0. 0. 0.]
  [0. 0. 0.]
  [0. 0. 0.]]

 [[0. 0. 0.]
  [0. 0. 0.]
  [0. 0. 0.]
  ...
  [0. 0. 0.]
  [0. 0. 0.]
  [0. 0. 0.]]]"
29,"('n02950826', 'cannon', 0.93955594)","[[[0. 0. 0.]
  [0. 0. 0.]
  [0. 0. 0.]
  ...
  [0. 0. 0.]
  [0. 0. 0.]
  [0. 0. 0.]]

 [[0. 0. 0.]
  [0. 0. 0.]
  [0. 0. 0.]
  ...
  [0. 0. 0.]
  [0. 0. 0.]
  [0. 0. 0.]]

 [[0. 0. 0.]
  [0. 0. 0.]
  [0. 0. 0.]
  ...
  [0. 0. 0.]
  [0. 0. 0.]
  [0. 0. 0.]]

 ...

 [[0. 0. 0.]
  [0. 0. 0.]
  [0. 0. 0.]
  ...
  [0. 0. 0.]
  [0. 0. 0.]
  [0. 0. 0.]]

 [[0. 0. 0.]
  [0. 0. 0.]
  [0. 0. 0.]
  ...
  [0. 0. 0.]
  [0. 0. 0.]
  [0. 0. 0.]]

 [[0. 0. 0.]
  [0. 0. 0.]
  [0. 0. 0.]
  ...
  [0. 0. 0.]
  [0. 0. 0.]
  [0. 0. 0.]]]"
30,"('n04389033', 'tank', 0.99200505)","[[[0. 0. 0.]
  [0. 0. 0.]
  [0. 0. 0.]
  ...
  [0. 0. 0.]
  [0. 0. 0.]
  [0. 0. 0.]]

 [[0. 0. 0.]
  [0. 0. 0.]
  [0. 0. 0.]
  ...
  [0. 0. 0.]
  [0. 0. 0.]
  [0. 0. 0.]]

 [[0. 0. 0.]
  [0. 0. 0.]
  [0. 0. 0.]
  ...
  [0. 0. 0.]
  [0. 0. 0.]
  [0. 0. 0.]]

 ...

 [[0. 0. 0.]
  [0. 0. 0.]
  [0. 0. 0.]
  ...
  [0. 0. 0.]
  [0. 0. 0.]
  [0. 0. 0.]]

 [[0. 0. 0.]
  [0. 0. 0.]
  [0. 0. 0.]
  ...
  [0. 0. 0.]
  [0. 0. 0.]
  [0. 0. 0.]]

 [[0. 0. 0.]
  [0. 0. 0.]
  [0. 0. 0.]
  ...
  [0. 0. 0.]
  [0. 0. 0.]
  [0. 0. 0.]]]"
31,"('n04086273', 'revolver', 0.9981019)","[[[0. 0. 0.]
  [0. 0. 0.]
  [0. 0. 0.]
  ...
  [0. 0. 0.]
  [0. 0. 0.]
  [0. 0. 0.]]

 [[0. 0. 0.]
  [0. 0. 0.]
  [0. 0. 0.]
  ...
  [0. 0. 0.]
  [0. 0. 0.]
  [0. 0. 0.]]

 [[0. 0. 0.]
  [0. 0. 0.]
  [0. 0. 0.]
  ...
  [0. 0. 0.]
  [0. 0. 0.]
  [0. 0. 0.]]

 ...

 [[0. 0. 0.]
  [0. 0. 0.]
  [0. 0. 0.]
  ...
  [0. 0. 0.]
  [0. 0. 0.]
  [0. 0. 0.]]

 [[0. 0. 0.]
  [0. 0. 0.]
  [0. 0. 0.]
  ...
  [0. 0. 0.]
  [0. 0. 0.]
  [0. 0. 0.]]

 [[0. 0. 0.]
  [0. 0. 0.]
  [0. 0. 0.]
  ...
  [0. 0. 0.]
  [0. 0. 0.]
  [0. 0. 0.]]]"
32,"('n03937543', 'pill_bottle', 0.72160065)","[[[0.         0.         0.        ]
  [0.         0.         0.        ]
  [0.         0.         0.        ]
  ...
  [0.         0.         0.        ]
  [0.         0.         0.        ]
  [0.         0.         0.        ]]

 [[0.         0.         0.        ]
  [0.         0.         0.        ]
  [0.         0.         0.        ]
  ...
  [0.         0.         0.        ]
  [0.         0.         0.        ]
  [0.         0.         0.        ]]

 [[0.         0.         0.        ]
  [0.         0.         0.        ]
  [0.         0.         0.        ]
  ...
  [0.         0.         0.        ]
  [0.         0.         0.        ]
  [0.         0.         0.        ]]

 ...

 [[0.         0.         0.        ]
  [0.         0.         0.        ]
  [0.         0.         0.        ]
  ...
  [0.98039216 0.98039216 0.98039216]
  [0.98423494 0.98423494 0.98423494]
  [0.98423494 0.98423494 0.98423494]]

 [[0.         0.         0.        ]
  [0.         0.         0.        ]
  [0.         0.         0.        ]
  ...
  [0.98348214 0.98348214 0.98348214]
  [0.98348214 0.98348214 0.98348214]
  [0.98431373 0.98431373 0.98431373]]

 [[0.         0.         0.        ]
  [0.         0.         0.        ]
  [0.         0.         0.        ]
  ...
  [0.98431373 0.98431373 0.98431373]
  [0.98431373 0.98431373 0.98431373]
  [0.98431373 0.98431373 0.98431373]]]"
33,"('n04086273', 'revolver', 0.55410784)","[[[0. 0. 0.]
  [0. 0. 0.]
  [0. 0. 0.]
  ...
  [0. 0. 0.]
  [0. 0. 0.]
  [0. 0. 0.]]

 [[0. 0. 0.]
  [0. 0. 0.]
  [0. 0. 0.]
  ...
  [0. 0. 0.]
  [0. 0. 0.]
  [0. 0. 0.]]

 [[0. 0. 0.]
  [0. 0. 0.]
  [0. 0. 0.]
  ...
  [0. 0. 0.]
  [0. 0. 0.]
  [0. 0. 0.]]

 ...

 [[0. 0. 0.]
  [0. 0. 0.]
  [0. 0. 0.]
  ...
  [0. 0. 0.]
  [0. 0. 0.]
  [0. 0. 0.]]

 [[0. 0. 0.]
  [0. 0. 0.]
  [0. 0. 0.]
  ...
  [0. 0. 0.]
  [0. 0. 0.]
  [0. 0. 0.]]

 [[0. 0. 0.]
  [0. 0. 0.]
  [0. 0. 0.]
  ...
  [0. 0. 0.]
  [0. 0. 0.]
  [0. 0. 0.]]]"
34,"('n03478589', 'half_track', 0.996905)","[[[0. 0. 0.]
  [0. 0. 0.]
  [0. 0. 0.]
  ...
  [0. 0. 0.]
  [0. 0. 0.]
  [0. 0. 0.]]

 [[0. 0. 0.]
  [0. 0. 0.]
  [0. 0. 0.]
  ...
  [0. 0. 0.]
  [0. 0. 0.]
  [0. 0. 0.]]

 [[0. 0. 0.]
  [0. 0. 0.]
  [0. 0. 0.]
  ...
  [0. 0. 0.]
  [0. 0. 0.]
  [0. 0. 0.]]

 ...

 [[0. 0. 0.]
  [0. 0. 0.]
  [0. 0. 0.]
  ...
  [0. 0. 0.]
  [0. 0. 0.]
  [0. 0. 0.]]

 [[0. 0. 0.]
  [0. 0. 0.]
  [0. 0. 0.]
  ...
  [0. 0. 0.]
  [0. 0. 0.]
  [0. 0. 0.]]

 [[0. 0. 0.]
  [0. 0. 0.]
  [0. 0. 0.]
  ...
  [0. 0. 0.]
  [0. 0. 0.]
  [0. 0. 0.]]]"
35,"('n03937543', 'pill_bottle', 0.5106872)","[[[0. 0. 0.]
  [0. 0. 0.]
  [0. 0. 0.]
  ...
  [0. 0. 0.]
  [0. 0. 0.]
  [0. 0. 0.]]

 [[0. 0. 0.]
  [0. 0. 0.]
  [0. 0. 0.]
  ...
  [0. 0. 0.]
  [0. 0. 0.]
  [0. 0. 0.]]

 [[0. 0. 0.]
  [0. 0. 0.]
  [0. 0. 0.]
  ...
  [0. 0. 0.]
  [0. 0. 0.]
  [0. 0. 0.]]

 ...

 [[0. 0. 0.]
  [0. 0. 0.]
  [0. 0. 0.]
  ...
  [0. 0. 0.]
  [0. 0. 0.]
  [0. 0. 0.]]

 [[0. 0. 0.]
  [0. 0. 0.]
  [0. 0. 0.]
  ...
  [0. 0. 0.]
  [0. 0. 0.]
  [0. 0. 0.]]

 [[0. 0. 0.]
  [0. 0. 0.]
  [0. 0. 0.]
  ...
  [0. 0. 0.]
  [0. 0. 0.]
  [0. 0. 0.]]]"
36,"('n03937543', 'pill_bottle', 0.99993443)","[[[0.         0.         0.        ]
  [0.         0.         0.        ]
  [0.         0.         0.        ]
  ...
  [0.         0.         0.        ]
  [0.         0.         0.        ]
  [0.         0.         0.        ]]

 [[0.         0.         0.        ]
  [0.         0.         0.        ]
  [0.         0.         0.        ]
  ...
  [0.         0.         0.        ]
  [0.         0.         0.        ]
  [0.         0.         0.        ]]

 [[0.         0.         0.        ]
  [0.         0.         0.        ]
  [0.         0.         0.        ]
  ...
  [0.         0.         0.        ]
  [0.         0.         0.        ]
  [0.         0.         0.        ]]

 ...

 [[0.94901961 0.94901961 0.98823529]
  [0.94901961 0.94901961 0.98823529]
  [0.94901961 0.94901961 0.98823529]
  ...
  [0.         0.         0.        ]
  [0.         0.         0.        ]
  [0.         0.         0.        ]]

 [[0.94901961 0.94901961 0.98823529]
  [0.94901961 0.94901961 0.98823529]
  [0.94901961 0.94901961 0.98823529]
  ...
  [0.         0.         0.        ]
  [0.         0.         0.        ]
  [0.         0.         0.        ]]

 [[0.94901961 0.94901961 0.98823529]
  [0.94901961 0.94901961 0.98823529]
  [0.94901961 0.94901961 0.98823529]
  ...
  [0.         0.         0.        ]
  [0.         0.         0.        ]
  [0.         0.         0.        ]]]"
37,"('n04317175', 'stethoscope', 0.9625106)","[[[0.         0.         0.        ]
  [0.         0.         0.        ]
  [0.         0.         0.        ]
  ...
  [0.         0.         0.        ]
  [0.         0.         0.        ]
  [0.         0.         0.        ]]

 [[0.         0.         0.        ]
  [0.         0.         0.        ]
  [0.         0.         0.        ]
  ...
  [0.         0.         0.        ]
  [0.         0.         0.        ]
  [0.         0.         0.        ]]

 [[0.         0.         0.        ]
  [0.         0.         0.        ]
  [0.         0.         0.        ]
  ...
  [0.         0.         0.        ]
  [0.         0.         0.        ]
  [0.         0.         0.        ]]

 ...

 [[0.         0.         0.        ]
  [0.         0.         0.        ]
  [0.         0.         0.        ]
  ...
  [0.73468763 0.73468763 0.73468763]
  [0.74817927 0.74817927 0.74817927]
  [0.73604817 0.73604817 0.73604817]]

 [[0.         0.         0.        ]
  [0.         0.         0.        ]
  [0.         0.         0.        ]
  ...
  [0.73494773 0.73494773 0.73494773]
  [0.74002101 0.74002101 0.74002101]
  [0.73969463 0.73969463 0.73969463]]

 [[0.         0.         0.        ]
  [0.         0.         0.        ]
  [0.         0.         0.        ]
  ...
  [0.72865896 0.72865896 0.72865896]
  [0.7372549  0.7372549  0.7372549 ]
  [0.74117647 0.74117647 0.74117647]]]"
38,"('n04127249', 'safety_pin', 0.087624565)","[[[0.         0.         0.        ]
  [0.         0.         0.        ]
  [0.         0.         0.        ]
  ...
  [0.         0.         0.        ]
  [0.         0.         0.        ]
  [0.         0.         0.        ]]

 [[0.         0.         0.        ]
  [0.         0.         0.        ]
  [0.         0.         0.        ]
  ...
  [0.         0.         0.        ]
  [0.         0.         0.        ]
  [0.         0.         0.        ]]

 [[0.         0.         0.        ]
  [0.         0.         0.        ]
  [0.         0.         0.        ]
  ...
  [0.         0.         0.        ]
  [0.         0.         0.        ]
  [0.         0.         0.        ]]

 ...

 [[0.94117647 0.93721989 0.9254902 ]
  [0.94117647 0.93333333 0.9254902 ]
  [0.94117647 0.93333333 0.9254902 ]
  ...
  [0.91680672 0.91680672 0.91680672]
  [0.91372549 0.91372549 0.91372549]
  [0.90588235 0.90588235 0.90588235]]

 [[0.94117647 0.9372549  0.92941176]
  [0.94117647 0.9372549  0.92941176]
  [0.94117647 0.93333333 0.92941176]
  ...
  [0.91435824 0.91435824 0.91435824]
  [0.90980392 0.90980392 0.90980392]
  [0.90196078 0.90196078 0.90196078]]

 [[0.94117647 0.9372549  0.92941176]
  [0.94117647 0.9372549  0.92941176]
  [0.94117647 0.93333333 0.92941176]
  ...
  [0.91372549 0.91372549 0.91372549]
  [0.90588235 0.90588235 0.90588235]
  [0.90196078 0.90196078 0.90196078]]]"
39,"('n02950826', 'cannon', 0.98759973)","[[[0. 0. 0.]
  [0. 0. 0.]
  [0. 0. 0.]
  ...
  [0. 0. 0.]
  [0. 0. 0.]
  [0. 0. 0.]]

 [[0. 0. 0.]
  [0. 0. 0.]
  [0. 0. 0.]
  ...
  [0. 0. 0.]
  [0. 0. 0.]
  [0. 0. 0.]]

 [[0. 0. 0.]
  [0. 0. 0.]
  [0. 0. 0.]
  ...
  [0. 0. 0.]
  [0. 0. 0.]
  [0. 0. 0.]]

 ...

 [[0. 0. 0.]
  [0. 0. 0.]
  [0. 0. 0.]
  ...
  [0. 0. 0.]
  [0. 0. 0.]
  [0. 0. 0.]]

 [[0. 0. 0.]
  [0. 0. 0.]
  [0. 0. 0.]
  ...
  [0. 0. 0.]
  [0. 0. 0.]
  [0. 0. 0.]]

 [[0. 0. 0.]
  [0. 0. 0.]
  [0. 0. 0.]
  ...
  [0. 0. 0.]
  [0. 0. 0.]
  [0. 0. 0.]]]"
40,"('n04465501', 'tractor', 0.46388105)","[[[0. 0. 0.]
  [0. 0. 0.]
  [0. 0. 0.]
  ...
  [0. 0. 0.]
  [0. 0. 0.]
  [0. 0. 0.]]

 [[0. 0. 0.]
  [0. 0. 0.]
  [0. 0. 0.]
  ...
  [0. 0. 0.]
  [0. 0. 0.]
  [0. 0. 0.]]

 [[0. 0. 0.]
  [0. 0. 0.]
  [0. 0. 0.]
  ...
  [0. 0. 0.]
  [0. 0. 0.]
  [0. 0. 0.]]

 ...

 [[0. 0. 0.]
  [0. 0. 0.]
  [0. 0. 0.]
  ...
  [0. 0. 0.]
  [0. 0. 0.]
  [0. 0. 0.]]

 [[0. 0. 0.]
  [0. 0. 0.]
  [0. 0. 0.]
  ...
  [0. 0. 0.]
  [0. 0. 0.]
  [0. 0. 0.]]

 [[0. 0. 0.]
  [0. 0. 0.]
  [0. 0. 0.]
  ...
  [0. 0. 0.]
  [0. 0. 0.]
  [0. 0. 0.]]]"
